entity,year,land_use_m2,source,note
Lamb & Mutton,2010,184.81259,"Poore and Nemecek 2018, via Our World in Data","Published cross-section, not a live feed. Per 100g of protein, not per calorie."
Beef (beef herd),2010,163.5958,"Poore and Nemecek 2018, via Our World in Data","Published cross-section, not a live feed. Per 100g of protein, not per calorie."
Dark Chocolate,2010,137.92,"Poore and Nemecek 2018, via Our World in Data","Published cross-section, not a live feed. Per 100g of protein, not per calorie."
Cheese,2010,39.759964,"Poore and Nemecek 2018, via Our World in Data","Published cross-section, not a live feed. Per 100g of protein, not per calorie."
Milk,2010,27.121212,"Poore and Nemecek 2018, via Our World in Data","Published cross-section, not a live feed. Per 100g of protein, not per calorie."
Coffee,2010,27.025,"Poore and Nemecek 2018, via Our World in Data","Published cross-section, not a live feed. Per 100g of protein, not per calorie."
Berries & Grapes,2010,24.1,"Poore and Nemecek 2018, via Our World in Data","Published cross-section, not a live feed. Per 100g of protein, not per calorie."
Beef (dairy herd),2010,21.904762,"Poore and Nemecek 2018, via Our World in Data","Published cross-section, not a live feed. Per 100g of protein, not per calorie."
Bananas,2010,21.444445,"Poore and Nemecek 2018, via Our World in Data","Published cross-section, not a live feed. Per 100g of protein, not per calorie."
Apples,2010,21.0,"Poore and Nemecek 2018, via Our World in Data","Published cross-section, not a live feed. Per 100g of protein, not per calorie."
Cassava,2010,20.11111,"Poore and Nemecek 2018, via Our World in Data","Published cross-section, not a live feed. Per 100g of protein, not per calorie."
Citrus Fruit,2010,14.333333,"Poore and Nemecek 2018, via Our World in Data","Published cross-section, not a live feed. Per 100g of protein, not per calorie."
Pig Meat,2010,10.729296,"Poore and Nemecek 2018, via Our World in Data","Published cross-section, not a live feed. Per 100g of protein, not per calorie."
Nuts,2010,7.9363136,"Poore and Nemecek 2018, via Our World in Data","Published cross-section, not a live feed. Per 100g of protein, not per calorie."
Tomatoes,2010,7.2727275,"Poore and Nemecek 2018, via Our World in Data","Published cross-section, not a live feed. Per 100g of protein, not per calorie."
Other Pulses,2010,7.2723026,"Poore and Nemecek 2018, via Our World in Data","Published cross-section, not a live feed. Per 100g of protein, not per calorie."
Poultry Meat,2010,7.055427,"Poore and Nemecek 2018, via Our World in Data","Published cross-section, not a live feed. Per 100g of protein, not per calorie."
Oatmeal,2010,5.8461537,"Poore and Nemecek 2018, via Our World in Data","Published cross-section, not a live feed. Per 100g of protein, not per calorie."
Eggs,2010,5.650685,"Poore and Nemecek 2018, via Our World in Data","Published cross-section, not a live feed. Per 100g of protein, not per calorie."
Potatoes,2010,5.1764708,"Poore and Nemecek 2018, via Our World in Data","Published cross-section, not a live feed. Per 100g of protein, not per calorie."
Brassicas,2010,5.0,"Poore and Nemecek 2018, via Our World in Data","Published cross-section, not a live feed. Per 100g of protein, not per calorie."
Grains,2010,4.6,"Poore and Nemecek 2018, via Our World in Data","Published cross-section, not a live feed. Per 100g of protein, not per calorie."
Rice,2010,3.943662,"Poore and Nemecek 2018, via Our World in Data","Published cross-section, not a live feed. Per 100g of protein, not per calorie."
Fish (farmed),2010,3.6877878,"Poore and Nemecek 2018, via Our World in Data","Published cross-section, not a live feed. Per 100g of protein, not per calorie."
Groundnuts,2010,3.4797556,"Poore and Nemecek 2018, via Our World in Data","Published cross-section, not a live feed. Per 100g of protein, not per calorie."
Peas,2010,3.3573358,"Poore and Nemecek 2018, via Our World in Data","Published cross-section, not a live feed. Per 100g of protein, not per calorie."
Root Vegetables,2010,3.3,"Poore and Nemecek 2018, via Our World in Data","Published cross-section, not a live feed. Per 100g of protein, not per calorie."
Wheat & Rye,2010,3.1557376,"Poore and Nemecek 2018, via Our World in Data","Published cross-section, not a live feed. Per 100g of protein, not per calorie."
Maize,2010,3.0947368,"Poore and Nemecek 2018, via Our World in Data","Published cross-section, not a live feed. Per 100g of protein, not per calorie."
Onions & Leeks,2010,3.0,"Poore and Nemecek 2018, via Our World in Data","Published cross-section, not a live feed. Per 100g of protein, not per calorie."
Tofu,2010,2.2,"Poore and Nemecek 2018, via Our World in Data","Published cross-section, not a live feed. Per 100g of protein, not per calorie."
Prawns (farmed),2010,2.0108328,"Poore and Nemecek 2018, via Our World in Data","Published cross-section, not a live feed. Per 100g of protein, not per calorie."
