fiscal_year,agency_code,agency,group,obligations,outlays,budgetary_resources,partial_year
2026,097,Department of Defense,weaponry,1363585241420.8,1212232405414.67,2631408222827.34,True
2025,097,Department of Defense,weaponry,1451320548889.53,1342207853342.79,2213230963902.27,False
2024,097,Department of Defense,weaponry,1393415222232.11,1273430787033.52,1991791156124.69,False
2023,097,Department of Defense,weaponry,1330544104855.49,1201506818580.03,1523433316840.06,False
2022,097,Department of Defense,weaponry,1189944864054.66,1158563273539.07,1635073184398.36,False
2021,097,Department of Defense,weaponry,1146962263260.7,1093571051964.83,1514296053257.55,False
2020,097,Department of Defense,weaponry,1130135336028.02,1035697795898.37,1278882283176.59,False
2019,097,Department of Defense,weaponry,1154860031199.99,1033847749792.71,1252639175378.39,False
2018,097,Department of Defense,weaponry,1092438524753.46,958727485921.33,1261940994955.88,False
2017,097,Department of Defense,weaponry,1014206206108.0,918268551866.96,1163404425401.68,False
2026,012,Department of Agriculture,livingry,207767733077.29,202826455695.6,478838076132.12,True
2025,012,Department of Agriculture,livingry,276630012349.95,253236497823.79,463595143994.27,False
2024,012,Department of Agriculture,livingry,253918299873.67,233005888496.86,437203384922.49,False
2023,012,Department of Agriculture,livingry,296599267877.18,249293924049.04,475155999521.89,False
2022,012,Department of Agriculture,livingry,286908446288.4,260259676067.52,431862412285.9,False
2021,012,Department of Agriculture,livingry,260036840187.43,228534418542.24,392371979973.22,False
2020,012,Department of Agriculture,livingry,290656732311.3,207802980515.53,322370908923.19,False
2019,012,Department of Agriculture,livingry,204692683254.95,173497330727.81,242451803717.47,False
2018,012,Department of Agriculture,livingry,183549040915.82,153019770723.32,224372520297.27,False
2017,012,Department of Agriculture,livingry,135669747833.62,129361302398.19,220459743630.97,False
2026,068,Environmental Protection Agency,livingry,15208221532.79,14696825692.66,56363141631.3,True
2025,068,Environmental Protection Agency,livingry,34262577412.72,38514194344.6,64632979013.99,False
2024,068,Environmental Protection Agency,livingry,54387821470.26,15542947072.28,84400207464.03,False
2023,068,Environmental Protection Agency,livingry,23652538067.59,14757655400.04,82925497845.02,False
2022,068,Environmental Protection Agency,livingry,19513329825.3,14862233738.84,76489715483.51,False
2021,068,Environmental Protection Agency,livingry,11868808702.06,10348427051.95,17245791668.13,False
2020,068,Environmental Protection Agency,livingry,11304379833.3,10530124025.39,16948105606.81,False
2019,068,Environmental Protection Agency,livingry,10613224996.13,10172464138.17,16074295065.83,False
2018,068,Environmental Protection Agency,livingry,10823836673.15,9993523049.05,15320418844.06,False
2017,068,Environmental Protection Agency,livingry,10354617550.04,9916807054.72,14602810686.11,False
2026,086,Department of Housing and Urban Development,livingry,74459709942.44,72585250612.18,338821609364.58,True
2025,086,Department of Housing and Urban Development,livingry,90532059832.78,89883738203.95,322553564283.29,False
2024,086,Department of Housing and Urban Development,livingry,88290176520.45,85091765167.06,283457102340.09,False
2023,086,Department of Housing and Urban Development,livingry,84501344517.92,74903115860.38,260652029421.27,False
2022,086,Department of Housing and Urban Development,livingry,67821356273.56,68114543803.13,234097688579.45,False
2021,086,Department of Housing and Urban Development,livingry,104346638883.86,69270267323.91,231411755006.09,False
2020,086,Department of Housing and Urban Development,livingry,69311072480.4,60191486202.46,203849658234.39,False
2019,086,Department of Housing and Urban Development,livingry,62652912069.06,59921632334.76,169032628762.11,False
2018,086,Department of Housing and Urban Development,livingry,76622972278.59,67767527962.38,157916212177.12,False
2017,086,Department of Housing and Urban Development,livingry,78352781672.11,74238168887.6,145979087200.58,False
2026,014,Department of the Interior,livingry,31054736739.1,31565160237.79,93713071282.53,True
2025,014,Department of the Interior,livingry,42848868679.89,41048339291.34,94273869060.16,False
2024,014,Department of the Interior,livingry,44421920769.18,38842640899.32,92913669466.5,False
2023,014,Department of the Interior,livingry,43363738981.79,37441182428.06,92162025521.29,False
2022,014,Department of the Interior,livingry,37607979087.31,33263687873.02,84199801394.02,False
2021,014,Department of the Interior,livingry,30724549129.13,27867763269.46,48812728119.47,False
2020,014,Department of the Interior,livingry,29600486686.93,27686711161.66,44977500880.29,False
2019,014,Department of the Interior,livingry,26718979631.25,25446254600.31,40683730206.6,False
2018,014,Department of the Interior,livingry,26344299309.44,25224942755.06,39077276346.45,False
2017,014,Department of the Interior,livingry,25488796492.53,23925201966.56,36324198799.09,False
2026,089,Department of Energy,energy,63705146747.98,56649706500.61,139454161467.2,True
2025,089,Department of Energy,energy,98524875710.33,68745351385.78,143372995073.14,False
2024,089,Department of Energy,energy,81727665979.08,65632933708.93,153410390283.76,False
2023,089,Department of Energy,energy,71587391243.03,59626093220.24,148680986213.91,False
2022,089,Department of Energy,energy,58269151692.0,51729528017.73,129982780925.26,False
2021,089,Department of Energy,energy,53181045675.68,47967953249.04,61150016047.4,False
2020,089,Department of Energy,energy,49399354932.76,45288163757.14,58894809206.4,False
2019,089,Department of Energy,energy,47450430947.59,42738597123.59,56590287019.36,False
2018,089,Department of Energy,energy,45120566097.96,39721048576.95,53678386708.51,False
2017,089,Department of Energy,energy,41619913661.6,39035308974.91,49418048521.17,False
2026,091,Department of Education,provision,109124645841.02,126008259623.35,169023883432.83,True
2025,091,Department of Education,provision,179690157931.34,187970767574.49,190636961083.79,False
2024,091,Department of Education,provision,228967463538.8,273868344692.55,241658075055.27,False
2023,091,Department of Education,provision,254914423992.33,307047124904.73,274355384737.95,False
2022,091,Department of Education,provision,614723723752.84,668559224649.3,637703730583.83,False
2021,091,Department of Education,provision,457228091743.33,267293064539.51,497098126461.98,False
2020,091,Department of Education,provision,242593520560.57,218482624103.54,262614387592.49,False
2019,091,Department of Education,provision,120398801101.04,117068431878.09,137155916743.47,False
2018,091,Department of Education,provision,95226038979.19,91538819634.8,113129579695.59,False
2017,091,Department of Education,provision,139921868532.33,132552040033.37,152186993659.59,False
2026,075,Department of Health and Human Services,mixed,2674621212855.86,2512579380677.43,3650342489549.92,True
2025,075,Department of Health and Human Services,mixed,2794349803088.6,2722170048224.94,3129725212729.56,False
2024,075,Department of Health and Human Services,mixed,2518647728970.53,2474861136576.6,2864471437234.22,False
2023,075,Department of Health and Human Services,mixed,2475673980552.7,2423434619295.49,2841385336401.95,False
2022,075,Department of Health and Human Services,mixed,2452969781323.39,2386740700799.28,2735930560735.86,False
2021,075,Department of Health and Human Services,mixed,2355524286884.46,2168495354978.76,2660484066315.1,False
2020,075,Department of Health and Human Services,mixed,2198882208891.79,2080749483939.36,2439717280285.41,False
2019,075,Department of Health and Human Services,mixed,1814270463757.37,1745367137434.98,1923633100271.38,False
2018,075,Department of Health and Human Services,mixed,1679128003253.74,1630585110564.7,1757688780468.86,False
2017,075,Department of Health and Human Services,mixed,1646989531123.68,1599100322689.42,1681686676899.37,False
