rank,recipient,uei,legacy_code,recipient_id,obligations,fiscal_year
1,LOCKHEED MARTIN CORPORATION,G4KDGE4JFFK7,008016958,,34094675624.06,2025
2,"OPTUM PUBLIC SECTOR SOLUTIONS, INC.",XMUZGJN98231,785030714,,22490531833.8,2025
3,ELECTRIC BOAT CORPORATION,E7BEKJ4V9528,963737366,,21366142819.4,2025
4,TRIWEST HEALTHCARE ALLIANCE CORP,J7M9HPTGJ1S9,945580587,,13374744670.22,2025
5,MCKESSON CORPORATION,S1RUKWWRYFL6,177667227,,11870730004.52,2025
6,RAYTHEON COMPANY,VTEWM5QSE598,794598573,,10753486398.51,2025
7,LOCKHEED MARTIN CORPORATION,XFJMYSYFJEK4,794571448,,10431043926.37,2025
8,AMERISOURCEBERGEN DRUG CORP,KABZK8W6PQT3,007914906,,7442279749.8,2025
9,RTX CORPORATION,QN1BCFY7JDJ5,001447952,,7280696848.45,2025
10,BOOZ ALLEN HAMILTON INC,JCBMLGPE6Z71,006928857,,6597686672.45,2025
11,HUMANA GOVERNMENT BUSINESS INC,ZE6ZM6NKSV43,805349198,,6513706438.99,2025
12,THE BOEING COMPANY,JJM4FRDZJDX1,149879157,,6292920465.96,2025
13,LOCKHEED MARTIN CORPORATION,H7PNSVNN5827,196189385,,6056139555.96,2025
14,"ATLANTIC DIVING SUPPLY, INC.",GJMSFBCNMSK3,027079776,,5993552286.18,2025
15,"NATIONAL TECHNOLOGY & ENGINEERING SOLUTIONS OF SANDIA, LLC",LUJEPCRRT377,007113228,,5673408173.92,2025
